{
  "energy": 2.607605833332572,
  "total_time": 23.480432512
}
