{
  "energy": 2.6108391666660706,
  "total_time": 23.422955607
}
