{
  "energy": 0.6753272222220483,
  "time": 14.032564878463745
}
