{
  "energy": 0.6111730555553611,
  "time": 16.3670871257782
}
