{
  "energy": 0.6277483333331636,
  "time": 15.165332078933716
}
