{
  "energy": 0.6121977777779102,
  "time": 16.352816820144653
}
