{
  "energy": 0.6320022222223796,
  "time": 15.231847047805786
}
