{
  "energy": 0.6123175000000952,
  "time": 16.35342502593994
}
