{
  "energy": 0.634944444444134,
  "time": 15.356019020080566
}
