{
  "energy": 0.686924444444788,
  "time": 13.865885972976685
}
