{
  "energy": 0.8484611111113595,
  "time": 12.357043981552124
}
