{
  "energy": 0.6857958333333954,
  "time": 14.167911052703857
}
