{
  "energy": 0.689798055555568,
  "time": 13.865082025527954
}
