{
  "energy": 0.792597499999942,
  "time": 12.752846002578735
}
