{
  "energy": 0.7925111111108628,
  "time": 12.74055790901184
}
