{
  "energy": 0.792333888888566,
  "time": 12.777096033096313
}
