{
  "energy": 2.903381666673554,
  "total_time": 71.043135937
}
