{
  "energy": 2.7893388888902133,
  "total_time": 68.556649362
}
