{
  "energy": 2.146260555556251,
  "total_time": 40.876710083
}
