{
  "energy": 2.1418230555537674,
  "total_time": 40.618033468
}
