{
  "energy": 2.1481524999977815,
  "total_time": 40.831903587
}
