{
  "energy": 2.0949969444423915,
  "total_time": 31.185580923
}
