{
  "energy": 1.1885966666622294,
  "time": 22.548902988433838,
  "bandwidth": 1691.705
}
