{
  "energy": 0.8838175000001987,
  "time": 22.600186109542847,
  "bandwidth": 1690.677
}
