{
  "energy": 0.9683902777731419,
  "time": 22.531693935394287,
  "bandwidth": 1694.297
}
