{
  "energy": 0.9309841666618983,
  "time": 22.980992078781128,
  "bandwidth": 1657.669
}
