{
  "energy": 0.9577983333335982,
  "time": 22.53558897972107,
  "bandwidth": 1694.365
}
