{
  "energy": 1.054408055552178,
  "time": 22.492121934890747,
  "bandwidth": 1696.222
}
