{
  "energy": 1.431347499994768,
  "time": 22.602290153503418,
  "bandwidth": 1687.137
}
