{
  "energy": 1.1840763888839219,
  "time": 22.5467050075531,
  "bandwidth": 1691.761
}
