{
  "energy": 1.18894722222454,
  "time": 22.550275087356567,
  "bandwidth": 1691.706
}
