{
  "energy": 1.4328633333328697,
  "time": 22.620126008987427,
  "bandwidth": 1687.357
}
