{
  "energy": 1.0613936111165418,
  "time": 22.493605852127075,
  "bandwidth": 1696.302
}
