{
  "energy": 0.8787575000027815,
  "time": 22.616281986236572,
  "bandwidth": 1690.774
}
