{
  "energy": 1.4278194444461,
  "time": 22.60132098197937,
  "bandwidth": 1687.267
}
