{
  "energy": 0.8925627777808243,
  "time": 22.595829963684082,
  "bandwidth": 1690.730
}
