{
  "energy": 0.9113222222195732,
  "time": 22.602635860443115,
  "bandwidth": 1690.770
}
