{
  "energy": 1.0608186111102502,
  "time": 22.48674201965332,
  "bandwidth": 1696.519
}
