{
  "energy": 1.190117777776387,
  "time": 22.55180811882019,
  "bandwidth": 1691.755
}
