{
  "energy": 1.0607738888925977,
  "time": 22.490290880203247,
  "bandwidth": 1696.416
}
