{
  "energy": 1.0583869444496101,
  "time": 22.491441011428833,
  "bandwidth": 1696.542
}
