{
  "energy": 0.9010261111127006,
  "time": 22.603933095932007,
  "bandwidth": 1690.554
}
