{
  "energy": 1.058400833333532,
  "time": 22.48611807823181,
  "bandwidth": 1695.863
}
