{
  "energy": 1.363450555553039,
  "time": 22.573265075683594,
  "bandwidth": 1689.078
}
