{
  "energy": 2.6772455555531716,
  "total_time": 51.291429047
}
