{
  "energy": 2.1178602777752613,
  "total_time": 28.146174017
}
