{
  "energy": 2.930720277759764,
  "total_time": 48.626097193
}
