{
  "energy": 1.547438055555556,
  "time": 26.82739496231079,
  "bandwidth": 1447.800
}
