{
  "energy": 1.5491891666666682,
  "time": 33.632784843444824,
  "bandwidth": 1142.113
}
