{
  "energy": 1.5641249999999935,
  "time": 26.145977020263672,
  "bandwidth": 1486.933
}
