{
  "energy": 1.5477108333333227,
  "time": 26.840703010559082,
  "bandwidth": 1451.643
}
