{
  "energy": 1.6371413888888977,
  "time": 38.06372809410095,
  "bandwidth": 1000.107
}
