{
  "energy": 1.6099030555555591,
  "time": 38.21868681907654,
  "bandwidth": 1000.114
}
