{
  "energy": 1.6684844444444429,
  "time": 26.25851011276245,
  "bandwidth": 1487.858
}
