{
  "energy": 1.6689133333333301,
  "time": 26.2147159576416,
  "bandwidth": 1487.974
}
