{
  "energy": 1.5521408333333158,
  "time": 26.23717999458313,
  "bandwidth": 1486.863
}
