{
  "energy": 1.6407308333333317,
  "time": 38.0958788394928,
  "bandwidth": 1000.317
}
