{
  "energy": 1.5135894444444502,
  "time": 27.262792110443115,
  "bandwidth": 1429.873
}
