{
  "energy": 1.549010833333337,
  "time": 33.492788791656494,
  "bandwidth": 1142.186
}
