{
  "energy": 1.5528202777777915,
  "time": 26.271790027618408,
  "bandwidth": 1486.815
}
