{
  "energy": 1.8694077777777824,
  "time": 26.23424506187439,
  "bandwidth": 1488.740
}
