{
  "energy": 1.5163741666666788,
  "time": 27.12334394454956,
  "bandwidth": 1431.956
}
