{
  "energy": 1.5245213888888893,
  "time": 30.030066967010498,
  "bandwidth": 1287.267
}
