{
  "energy": 1.5202016666666733,
  "time": 30.03899598121643,
  "bandwidth": 1286.555
}
