{
  "energy": 1.4860425000000073,
  "time": 27.11596989631653,
  "bandwidth": 1430.698
}
