{
  "energy": 1.5513658333333378,
  "time": 26.251173973083496,
  "bandwidth": 1486.992
}
