{
  "energy": 1.5240194444444366,
  "time": 30.02737283706665,
  "bandwidth": 1287.598
}
