{
  "energy": 1.6681372222222206,
  "time": 26.23972201347351,
  "bandwidth": 1487.431
}
