{
  "energy": 1.8709747222222115,
  "time": 26.182659149169922,
  "bandwidth": 1488.689
}
