{
  "energy": 1.550742222222228,
  "time": 26.170907020568848,
  "bandwidth": 1487.008
}
