{
  "energy": 1.8719955555555254,
  "time": 26.23436188697815,
  "bandwidth": 1488.502
}
