{
  "energy": 1.5331688888888715,
  "time": 26.477734088897705,
  "bandwidth": 1468.790
}
