{
  "energy": 1.6653608333333332,
  "time": 26.253956079483032,
  "bandwidth": 1487.690
}
