{
  "energy": 1.523120555555571,
  "time": 29.989218950271606,
  "bandwidth": 1287.054
}
