{
  "energy": 1.5241436111111155,
  "time": 29.969172954559326,
  "bandwidth": 1286.370
}
