{
  "energy": 1.64227083333333,
  "time": 38.09056115150452,
  "bandwidth": 1000.197
}
