{
  "energy": 1.6704449999999875,
  "time": 26.28070592880249,
  "bandwidth": 1488.122
}
