{
  "energy": 1.494485833333359,
  "time": 27.120640993118286,
  "bandwidth": 1431.873
}
