{
  "energy": 1.5508091666666668,
  "time": 33.642539978027344,
  "bandwidth": 1142.623
}
