{
  "energy": 1.87373194444446,
  "time": 26.174877882003784,
  "bandwidth": 1488.759
}
