{
  "energy": 1.5151924999999917,
  "time": 27.0801739692688,
  "bandwidth": 1429.960
}
