{
  "energy": 1.550486111111111,
  "time": 26.089349031448364,
  "bandwidth": 1486.907
}
