{
  "energy": 1.5251802777778034,
  "time": 30.06909704208374,
  "bandwidth": 1287.361
}
