{
  "energy": 1.549306666666687,
  "time": 33.52895402908325,
  "bandwidth": 1142.666
}
