{
  "energy": 1.5506558333333265,
  "time": 33.618459939956665,
  "bandwidth": 1142.145
}
