{
  "energy": 1.670092222222237,
  "time": 26.26875400543213,
  "bandwidth": 1487.740
}
