{
  "energy": 1.8779822222222315,
  "time": 26.214580059051514,
  "bandwidth": 1488.727
}
