{
  "energy": 1.5473577777777812,
  "time": 26.79936385154724,
  "bandwidth": 1447.849
}
