{
  "energy": 1.5056152777777687,
  "time": 27.224450826644897,
  "bandwidth": 1425.217
}
