{
  "energy": 1.6309597222222267,
  "time": 38.00248599052429,
  "bandwidth": 1000.268
}
