{
  "energy": 1.5499244444444453,
  "time": 26.92988896369934,
  "bandwidth": 1447.685
}
