{
  "energy": 1.5502580555555565,
  "time": 33.569051027297974,
  "bandwidth": 1142.689
}
