{
  "energy": 1.6692858333333345,
  "time": 26.249125003814697,
  "bandwidth": 1488.073
}
