{
  "energy": 1.5495136111111303,
  "time": 33.531352043151855,
  "bandwidth": 1142.006
}
