{
  "energy": 1.8647080555555617,
  "time": 26.250750064849854,
  "bandwidth": 1488.141
}
