{
  "energy": 1.8766022222222334,
  "time": 26.187941074371338,
  "bandwidth": 1488.564
}
