{
  "energy": 1.520172222222221,
  "time": 29.90738797187805,
  "bandwidth": 1286.869
}
