{
  "energy": 1.6424438888888917,
  "time": 38.189257860183716,
  "bandwidth": 1000.500
}
