{
  "energy": 1.6228466666666725,
  "time": 38.04511904716492,
  "bandwidth": 1000.393
}
