{
  "energy": 1.5516450000000057,
  "time": 26.2290141582489,
  "bandwidth": 1487.033
}
