{
  "energy": 1.5463691666666677,
  "time": 26.802517890930176,
  "bandwidth": 1447.675
}
