{
  "energy": 1.5499252777777859,
  "time": 26.961436986923218,
  "bandwidth": 1447.678
}
