{
  "energy": 1.5122997222222168,
  "time": 27.16372299194336,
  "bandwidth": 1429.385
}
