{
  "energy": 2.1293002777753607,
  "total_time": 26.062283532
}
