{
  "energy": 2.091121388889021,
  "total_time": 26.39793913
}
