{
  "energy": 2.143973611113098,
  "total_time": 40.702492167
}
