{
  "energy": 2.0928861111112766,
  "total_time": 31.081906346
}
