{
  "energy": 3.1236986111270055,
  "total_time": 46.468846657
}
