{
  "energy": 3.510141944454776,
  "total_time": 44.095876132
}
