{
  "energy": 0.6143494444443948,
  "time": 16.35252594947815
}
