{
  "energy": 0.7358136111109828,
  "time": 13.319000959396362
}
