{
  "energy": 0.6311013888888475,
  "time": 15.0032639503479
}
