{
  "energy": 0.6333630555557708,
  "time": 15.018385887145996
}
