{
  "energy": 0.9087911111111235,
  "time": 12.05311107635498
}
