{
  "energy": 0.6351094444442748,
  "time": 15.001259088516235
}
