{
  "energy": 0.6110980555554852,
  "time": 16.352248907089233
}
