{
  "energy": 0.6319361111112973,
  "time": 15.005255937576294
}
