{
  "energy": 0.9733041666670599,
  "time": 11.837267875671387
}
