{
  "energy": 0.6105869444444155,
  "time": 16.366652965545654
}
