{
  "energy": 0.6082252777776578,
  "time": 16.368576049804688
}
