{
  "energy": 0.6882633333332423,
  "time": 13.858740091323853
}
