{
  "energy": 0.7874280555556632,
  "time": 12.764960050582886
}
