{
  "energy": 0.633138055555626,
  "time": 14.999189853668213
}
