{
  "energy": 0.6802083333333333,
  "time": 14.066701173782349
}
