{
  "energy": 0.7962186111111401,
  "time": 12.738776922225952
}
