{
  "energy": 0.6252558333333582,
  "time": 15.134682178497314
}
