{
  "energy": 0.6902341666667619,
  "time": 13.862791061401367
}
