{
  "energy": 0.632503055555539,
  "time": 15.013504028320312
}
