{
  "energy": 0.7310313888887564,
  "time": 13.27477478981018
}
