{
  "energy": 0.6894416666662113,
  "time": 13.863643169403076
}
