{
  "energy": 2.0546933333327373,
  "total_time": 34.874208789
}
