{
  "energy": 2.337859444444378,
  "total_time": 24.234003228
}
