{
  "energy": 2.77006805555688,
  "total_time": 51.228289109
}
