{
  "energy": 2.127955555555721,
  "total_time": 28.263251715
}
