{
  "energy": 2.2178586111134955,
  "total_time": 24.958600455
}
