{
  "energy": 2.464166666666667,
  "total_time": 23.811291353
}
