{
  "energy": 2.1417727777775792,
  "total_time": 40.690998151
}
