{
  "energy": 3.2536005555589993,
  "total_time": 45.321253843
}
