{
  "energy": 0.2708852777774963,
  "time": 8.482573986053467
}
