{
  "energy": 0.2798697222220815,
  "time": 6.604959964752197
}
