{
  "energy": 0.3033530555562013,
  "time": 5.931426048278809
}
