{
  "energy": 0.27069416666610374,
  "time": 8.485492944717407
}
