{
  "energy": 0.28021305555581216,
  "time": 11.788538217544556
}
