{
  "energy": 0.27929333333339956,
  "time": 6.612060070037842
}
