{
  "energy": 0.3429333333329608,
  "time": 5.3801538944244385
}
