{
  "energy": 0.2706455555558205,
  "time": 8.48585295677185
}
