{
  "energy": 0.26962055555544795,
  "time": 9.872736930847168
}
