{
  "energy": 0.34151444444432855,
  "time": 5.382783889770508
}
