{
  "energy": 0.2810197222222471,
  "time": 11.791831016540527
}
