{
  "energy": 0.26749222222198216,
  "time": 9.869882822036743
}
