{
  "energy": 0.28174305555617646,
  "time": 11.795361042022705
}
