{
  "energy": 0.3362063888884667,
  "time": 4.965795993804932
}
