{
  "energy": 0.2676272222223795,
  "time": 9.869860172271729
}
