{
  "energy": 0.304059444444461,
  "time": 5.927839040756226
}
