{
  "energy": 0.33986222222240436,
  "time": 4.974546909332275
}
