{
  "energy": 0.33417527777763706,
  "time": 4.955520868301392
}
