{
  "energy": 0.2676669444443865,
  "time": 9.873309135437012
}
