{
  "energy": 0.2709397222225865,
  "time": 8.48359990119934
}
