{
  "energy": 0.28155111111183134,
  "time": 11.791794061660767
}
