{
  "energy": 0.34002611111125186,
  "time": 4.993927001953125
}
