{
  "energy": 0.3427105555559198,
  "time": 5.380002975463867
}
