{
  "energy": 0.30450722222216425,
  "time": 5.930767059326172
}
