{
  "energy": 0.33977888888886404,
  "time": 4.967782020568848
}
