{
  "energy": 0.28113277777719003,
  "time": 11.78755784034729
}
