{
  "energy": 0.2797905555553734,
  "time": 6.608293056488037
}
