{
  "energy": 0.26958388888897994,
  "time": 9.872811079025269
}
