{
  "energy": 0.30537249999948674,
  "time": 5.931244134902954
}
