{
  "energy": 0.2712161111117651,
  "time": 8.486124992370605
}
