{
  "energy": 0.27985277777848144,
  "time": 6.605470895767212
}
