{
  "energy": 0.2692786111113512,
  "time": 9.869955062866211
}
