{
  "energy": 0.28207666666660874,
  "time": 11.793356895446777
}
