{
  "energy": 0.27700916666641,
  "time": 7.408998012542725
}
