{
  "energy": 0.34411666666674945,
  "time": 5.379519939422607
}
