{
  "energy": 0.2759997222220732,
  "time": 7.409640073776245
}
