{
  "energy": 0.34013111111190586,
  "time": 4.973176002502441
}
