{
  "energy": 0.34230972222156,
  "time": 5.379989862442017
}
