{
  "energy": 0.2694219444443782,
  "time": 9.873548984527588
}
