{
  "energy": 0.2769641666662776,
  "time": 7.406659126281738
}
