{
  "energy": 0.30759388888875644,
  "time": 5.963038921356201
}
