{
  "energy": 0.2767852777780758,
  "time": 7.407573938369751
}
