{
  "energy": 0.27658305555582047,
  "time": 7.409919023513794
}
