{
  "energy": 0.30507916666670803,
  "time": 5.9315149784088135
}
