{
  "energy": 0.3079911111108959,
  "time": 5.928092002868652
}
