{
  "energy": 0.28180638888850806,
  "time": 11.793996095657349
}
