{
  "energy": 0.2710208333325055,
  "time": 8.487884998321533
}
