{
  "energy": 0.2785755555559364,
  "time": 6.606626033782959
}
