{
  "energy": 0.3379477777777033,
  "time": 4.951047897338867
}
