{
  "energy": 0.2764541666665011,
  "time": 7.40741491317749
}
