{
  "energy": 0.33952138888856603,
  "time": 5.3807899951934814
}
