{
  "energy": 0.33944111111056474,
  "time": 5.379714012145996
}
