{
  "energy": 0.2785155555554148,
  "time": 7.406718969345093
}
