{
  "energy": 0.28005138888955117,
  "time": 6.602715969085693
}
