{
  "energy": 0.2712694444445272,
  "time": 8.482736110687256
}
