{
  "energy": 0.2795175000000745,
  "time": 6.606600999832153
}
