{
  "energy": 2.615919999997649,
  "total_time": 23.538160836
}
