{
  "energy": 2.209356666666766,
  "total_time": 24.938758517
}
