{
  "energy": 2.6426558333304193,
  "total_time": 56.013752075
}
