{
  "energy": 2.0924155555541315,
  "total_time": 31.077016963
}
