{
  "energy": 2.332493055558039,
  "total_time": 24.099132338
}
