{
  "energy": 2.1368247222238117,
  "total_time": 28.181758721
}
