{
  "energy": 2.669484166668521,
  "total_time": 51.251400463
}
