{
  "energy": 2.2402458333348236,
  "total_time": 24.425255033
}
