{
  "energy": 2.607436111109952,
  "total_time": 23.414777364
}
