{
  "energy": 2.0577672222215266,
  "total_time": 35.004483198
}
