{
  "energy": 2.6787258333298896,
  "total_time": 51.248512821
}
