{
  "energy": 2.095462500001821,
  "total_time": 31.117027577
}
