{
  "energy": 2.933120277788904,
  "total_time": 48.093457236
}
