{
  "energy": 2.1081822222222883,
  "total_time": 32.150446232
}
