{
  "energy": 1.0606958333320087,
  "time": 22.488381147384644,
  "bandwidth": 1695.621
}
