{
  "energy": 1.1910011111117071,
  "time": 22.554362058639526,
  "bandwidth": 1691.780
}
