{
  "energy": 0.9052763888902134,
  "time": 22.611078023910522,
  "bandwidth": 1690.675
}
