{
  "energy": 1.0600952777763208,
  "time": 22.48725199699402,
  "bandwidth": 1696.435
}
