{
  "energy": 0.917321944443716,
  "time": 22.769624948501587,
  "bandwidth": 1676.183
}
