{
  "energy": 0.9025961111154821,
  "time": 22.596331119537354,
  "bandwidth": 1690.444
}
