{
  "energy": 0.9388177777744002,
  "time": 23.099725008010864,
  "bandwidth": 1648.778
}
