{
  "energy": 0.9702891666690509,
  "time": 22.536366939544678,
  "bandwidth": 1694.301
}
