{
  "energy": 0.9722875000039737,
  "time": 22.54268789291382,
  "bandwidth": 1694.260
}
