{
  "energy": 0.9340394444432524,
  "time": 23.162811994552612,
  "bandwidth": 1645.043
}
