{
  "energy": 1.2119538888914718,
  "time": 22.55261516571045,
  "bandwidth": 1690.999
}
