{
  "energy": 0.9720111111054818,
  "time": 22.536070108413696,
  "bandwidth": 1694.178
}
