{
  "energy": 0.9648286111073362,
  "time": 22.53161883354187,
  "bandwidth": 1694.343
}
