{
  "energy": 2.0567200000004635,
  "total_time": 34.992716348
}
