{
  "energy": 2.8047919444243115,
  "total_time": 68.930680589
}
