{
  "energy": 2.7286827777822813,
  "total_time": 50.787304407
}
