{
  "energy": 2.1331008333340287,
  "total_time": 28.255518534
}
