{
  "energy": 2.0587061111132305,
  "total_time": 35.018067993
}
