{
  "energy": 3.3029769444465638,
  "total_time": 44.957765813
}
