{
  "energy": 2.6622641666730247,
  "total_time": 51.719820025
}
