{
  "energy": 2.851391111082501,
  "total_time": 69.900429363
}
