{
  "energy": 2.144762777777182,
  "total_time": 26.620441003
}
