{
  "energy": 2.1085175000006955,
  "total_time": 26.809623872
}
