{
  "energy": 2.13372972222252,
  "total_time": 28.191881227
}
