{
  "energy": 2.6817063888907433,
  "total_time": 56.438402439
}
