{
  "energy": 2.2461561111112434,
  "total_time": 24.58865207
}
