{
  "energy": 2.6636302777793675,
  "total_time": 56.221774016
}
