{
  "energy": 2.615004722211096,
  "total_time": 55.786254586
}
