{
  "energy": 2.6138211110896536,
  "total_time": 55.563258422
}
