{
  "energy": 2.609224722219838,
  "total_time": 55.585575714
}
