{
  "energy": 2.9344677777753936,
  "total_time": 48.016160706
}
