{
  "energy": 2.1063149999992716,
  "total_time": 27.045991867
}
