{
  "energy": 2.2107005555555226,
  "total_time": 24.878775076
}
