{
  "energy": 2.9061886111111055,
  "time": 111.0891981124878
}
