{
  "energy": 3.5394705555555346,
  "time": 76.72954297065735
}
