{
  "energy": 2.9302661111111066,
  "time": 127.42951011657715
}
