{
  "energy": 3.015739166666673,
  "time": 148.36918997764587
}
