{
  "energy": 3.0769677777777704,
  "time": 88.99041604995728
}
