{
  "energy": 3.0165263888888876,
  "time": 148.36585903167725
}
