{
  "energy": 2.904563888888887,
  "time": 99.1336419582367
}
