{
  "energy": 2.8995563888888864,
  "time": 111.0583598613739
}
