{
  "energy": 3.339881666666673,
  "time": 80.72325801849365
}
