{
  "energy": 3.3638605555555356,
  "time": 80.72248005867004
}
