{
  "energy": 3.0760619444444535,
  "time": 88.98641920089722
}
