{
  "energy": 3.0770147222222293,
  "time": 88.9881739616394
}
