{
  "energy": 2.905850277777774,
  "time": 99.1356029510498
}
