{
  "energy": 3.2896688888888903,
  "time": 177.35064005851746
}
