{
  "energy": 3.0146263888888885,
  "time": 148.36732006072998
}
