{
  "energy": 3.546495833333336,
  "time": 76.72773504257202
}
