{
  "energy": 2.931768055555553,
  "time": 127.44220089912415
}
