{
  "energy": 3.5437808333333427,
  "time": 76.71025490760803
}
