{
  "energy": 2.903876944444443,
  "time": 111.08349204063416
}
