{
  "energy": 2.9318911111111166,
  "time": 127.46458721160889
}
