{
  "energy": 3.2856280555555553,
  "time": 177.36961793899536
}
