{
  "energy": 3.016744444444444,
  "time": 148.3699221611023
}
