{
  "energy": 3.5413044444444433,
  "time": 76.73284101486206
}
