{
  "energy": 2.93225333333334,
  "time": 127.45375299453735
}
