{
  "energy": 3.3624599999999756,
  "time": 80.72197389602661
}
