{
  "energy": 3.016180833333334,
  "time": 148.36299109458923
}
