{
  "energy": 3.360060833333345,
  "time": 80.72501301765442
}
