{
  "energy": 3.28773861111111,
  "time": 177.35318899154663
}
