{
  "energy": 3.2813930555555557,
  "time": 177.3654351234436
}
