{
  "energy": 3.360470277777802,
  "time": 80.72265195846558
}
