{
  "energy": 3.013160000000001,
  "time": 148.36763501167297
}
