{
  "energy": 3.2878563888888896,
  "time": 177.33498311042786
}
