{
  "energy": 2.908186111111103,
  "time": 111.06319689750671
}
