{
  "energy": 2.906615277777762,
  "time": 111.06208801269531
}
