{
  "energy": 2.907137777777777,
  "time": 111.06388688087463
}
