{
  "energy": 2.932185833333335,
  "time": 127.46440696716309
}
