{
  "energy": 3.076537499999993,
  "time": 88.98520112037659
}
