{
  "energy": 2.9039663888889,
  "time": 99.15543508529663
}
