{
  "energy": 2.9041619444444464,
  "time": 99.13698315620422
}
