{
  "energy": 2.9043522222222236,
  "time": 99.14462494850159
}
