{
  "energy": 3.28841888888889,
  "time": 177.36905193328857
}
