{
  "energy": 3.535006666666692,
  "time": 76.73696708679199
}
