{
  "energy": 3.0701494444444446,
  "time": 89.00542306900024
}
