{
  "energy": 3.0749111111111094,
  "time": 88.98781108856201
}
