{
  "energy": 3.544801388888898,
  "time": 76.73006892204285
}
