{
  "energy": 3.3547052777777813,
  "time": 80.72617101669312
}
