{
  "energy": 3.076497222222226,
  "time": 88.98414611816406
}
