{
  "energy": 3.0144997222222285,
  "time": 148.36266493797302
}
