{
  "energy": 2.9045547222222217,
  "time": 111.07139301300049
}
