{
  "energy": 2.9281463888888943,
  "time": 127.46868109703064
}
