{
  "energy": 3.2875261111111103,
  "time": 177.34035897254944
}
