{
  "energy": 3.3632750000000105,
  "time": 80.72215795516968
}
