{
  "energy": 2.9045980555555597,
  "time": 99.12280297279358
}
