{
  "energy": 2.906101666666671,
  "time": 99.10952877998352
}
