{
  "energy": 2.929906666666664,
  "time": 127.45190906524658
}
