{
  "energy": 3.542392777777794,
  "time": 76.72615504264832
}
