{
  "energy": 2.727965277797646,
  "total_time": 67.436694858
}
