{
  "energy": 2.1333391666660706,
  "total_time": 26.123535096
}
