{
  "energy": 2.1276427777773805,
  "total_time": 28.157604571
}
