{
  "energy": 2.3599972222248713,
  "total_time": 24.598875722
}
