{
  "energy": 2.8717927777767183,
  "total_time": 48.852848416
}
