{
  "energy": 2.130761388892101,
  "total_time": 26.04517457
}
