{
  "energy": 2.092165555556615,
  "total_time": 30.977853226
}
