{
  "energy": 3.086396666665872,
  "total_time": 46.228662902
}
