{
  "energy": 2.903587222231759,
  "total_time": 48.048241148
}
