{
  "energy": 2.7069449999928477,
  "total_time": 56.933466266
}
