{
  "energy": 2.1421000000006623,
  "total_time": 40.695836131
}
