{
  "energy": 2.05509166666617,
  "total_time": 34.876481432
}
