{
  "energy": 2.618663333323267,
  "total_time": 57.687220983
}
