{
  "energy": 2.142075833334691,
  "total_time": 26.171937324
}
