{
  "energy": 2.218789999998278,
  "total_time": 25.052019191
}
