{
  "energy": 2.055087222220997,
  "total_time": 34.883640121
}
