{
  "energy": 2.6051141666372617,
  "total_time": 55.628261098
}
