{
  "energy": 2.1326969444461996,
  "total_time": 26.136427466
}
