{
  "energy": 2.199149722220997,
  "total_time": 24.955582105
}
