{
  "energy": 2.1244380555550255,
  "total_time": 28.162367473
}
