{
  "energy": 2.33183749999851,
  "total_time": 24.001338657
}
