{
  "energy": 2.0901155555579396,
  "total_time": 26.459759246
}
