{
  "energy": 3.3154811111092566,
  "total_time": 45.008522005
}
