{
  "energy": 2.3306647222240766,
  "total_time": 24.112240388
}
