{
  "energy": 2.1073361111101176,
  "total_time": 31.982415535
}
