{
  "energy": 2.208730000000861,
  "total_time": 24.89231175
}
