{
  "energy": 2.057621388886538,
  "total_time": 35.004318382
}
