{
  "energy": 2.134863611107899,
  "total_time": 40.819124285
}
