{
  "energy": 2.614921388891008,
  "total_time": 55.783184305
}
