{
  "energy": 2.750405555566152,
  "total_time": 51.000656889
}
