{
  "energy": 2.9278091666764685,
  "total_time": 48.180474974
}
