{
  "energy": 2.678120833337307,
  "total_time": 51.318429463
}
